{"cameraMode":{"drawMode":0,"name":"Shaded","section":"Shading Mode"},"sceneLighting":false,"audioPlay":false,"sceneViewState":{"m_AlwaysRefresh":false,"showFog":true,"showSkybox":false,"showFlares":true,"showImageEffects":true,"showParticleSystems":true,"showVisualEffectGraphs":true,"m_FxEnabled":true},"in2DMode":false,"pivot":{"x":-0.12974756956100465,"y":1.3399498462677003,"z":-0.37171581387519839},"rotation":{"x":0.22567732632160188,"y":-0.11521502584218979,"z":-0.026938706636428834,"w":-0.9674089550971985},"size":1.3631936311721802,"orthographic":false}